timestamp,run_id,sensor_0,sensor_1,sensor_2,sensor_3,sensor_4,sensor_5,sensor_6,sensor_7,action,distance_to_goal,astar_action
0,0,10,1,5,2,3,3,3,3,2,11.704699910719626,6
1,0,1,4,4,1,3,4,4,4,2,10.770329614269007,6
2,0,3,3,3,1,1,5,5,1,2,9.848857801796104,6
3,0,6,2,2,6,1,1,6,6,3,8.94427190999916,-1
4,0,9,1,3,5,4,5,1,7,3,7.615773105863909,6
5,0,2,8,6,4,4,4,3,8,3,6.324555320336759,6
6,0,6,2,5,3,1,2,5,9,2,5.0990195135927845,6
7,0,2,2,4,3,3,1,6,9,2,4.123105625617661,-1
8,0,2,2,3,3,3,3,7,3,2,3.1622776601683795,-1
9,0,2,2,2,3,3,3,8,2,2,2.23606797749979,-1
10,0,2,1,1,2,3,3,9,2,3,1.4142135623730951,-1
11,1,1,7,4,2,2,2,2,2,2,14.7648230602334,6
12,1,3,6,3,1,10,3,1,1,2,13.892443989449804,6
13,1,3,8,2,9,1,2,2,4,2,13.038404810405298,6
14,1,5,2,1,11,2,1,3,5,3,12.206555615733702,6
15,1,1,7,1,10,2,1,2,6,3,10.816653826391969,6
16,1,1,10,2,9,7,1,2,7,3,9.433981132056603,6
17,1,11,1,4,8,4,3,2,8,2,8.06225774829855,6
18,1,1,1,3,6,8,4,3,2,2,7.211102550927978,6
19,1,1,5,2,2,4,4,4,1,2,6.4031242374328485,6
20,1,3,8,1,5,8,6,5,1,3,5.656854249492381,6
21,1,1,1,4,4,1,5,8,2,3,4.242640687119285,-1
22,1,2,2,6,3,4,3,1,3,3,2.8284271247461903,6
23,1,14,2,2,2,5,4,9,4,3,1.4142135623730951,-1
24,2,4,1,1,1,7,1,5,4,6,15.0,6
25,2,2,2,2,2,1,7,4,1,6,14.0,6
26,2,1,3,3,1,8,3,3,1,6,13.0,6
27,2,1,1,4,4,7,2,2,4,7,12.0,6
28,2,1,2,1,5,5,1,10,3,6,11.04536101718726,-1
29,2,3,1,2,6,1,2,9,3,6,10.04987562112089,-1
30,2,3,3,3,1,2,3,8,3,6,9.055385138137416,-1
31,2,3,3,4,2,2,6,7,3,5,8.06225774829855,-1
32,2,4,4,3,1,6,5,9,4,6,7.0,-1
33,2,2,4,4,5,2,9,8,3,6,6.0,-1
34,2,4,4,5,4,7,2,7,4,6,5.0,-1
35,2,4,2,6,2,8,5,6,2,6,4.0,-1
36,2,3,4,7,3,2,1,5,4,6,3.0,6
37,2,2,4,8,8,1,4,4,1,6,2.0,6
38,2,1,4,9,1,4,3,3,4,6,1.0,6
39,3,1,1,3,1,1,1,1,7,7,9.433981132056603,6
40,3,5,6,1,2,1,2,5,6,7,8.06225774829855,6
41,3,8,6,5,3,3,3,14,5,7,6.708203932499369,-1
42,3,2,7,8,4,4,3,6,4,7,5.385164807134504,-1
43,3,10,1,9,5,5,3,4,3,7,4.123105625617661,6
44,3,7,9,2,6,6,4,2,2,0,3.0,6
45,3,6,5,4,5,7,5,3,4,0,2.0,6
46,3,5,3,5,2,8,2,2,1,0,1.0,6
47,4,5,1,1,1,3,2,4,2,0,10.63014581273465,6
48,4,4,2,1,1,4,4,4,4,1,9.899494936611664,6
49,4,6,1,4,11,1,5,3,5,2,8.48528137423857,6
50,4,1,8,3,3,7,1,4,4,1,7.810249675906654,6
51,4,6,7,2,3,4,2,1,1,1,6.4031242374328485,6
52,4,6,6,2,1,7,3,2,2,1,5.0,6
53,4,2,5,3,1,2,4,3,5,1,3.605551275463989,6
54,4,1,4,4,2,2,5,4,1,1,2.23606797749979,6
55,4,3,3,1,3,3,6,1,3,0,1.0,6
56,5,1,2,1,3,10,6,2,5,4,8.246211251235321,6
57,5,2,1,7,7,9,4,2,2,4,7.280109889280518,6
58,5,3,5,5,7,8,5,3,2,4,6.324555320336759,6
59,5,4,6,3,7,7,2,7,2,4,5.385164807134504,-1
60,5,5,6,10,2,6,5,8,3,4,4.47213595499958,-1
61,5,6,10,6,1,5,9,2,3,4,3.605551275463989,6
62,5,7,3,1,7,4,9,3,6,3,2.8284271247461903,6
63,5,1,1,1,6,3,9,6,7,3,1.4142135623730951,-1
64,6,7,2,2,1,3,4,3,8,7,13.601470508735444,6
65,6,4,3,3,2,5,5,1,7,7,12.206555615733702,6
66,6,1,4,3,3,1,6,9,6,7,10.816653826391969,-1
67,6,4,2,1,4,3,2,3,5,7,9.433981132056603,6
68,6,3,5,5,5,8,4,5,4,7,8.06225774829855,6
69,6,5,2,4,6,4,8,3,3,7,6.708203932499369,6
70,6,1,6,8,7,3,3,4,2,7,5.385164807134504,6
71,6,4,8,1,8,8,2,4,1,6,4.123105625617661,6
72,6,1,2,2,6,2,2,3,3,7,3.1622776601683795,6
73,6,3,1,1,7,3,3,4,2,6,2.0,6
74,6,5,3,2,12,2,1,3,2,6,1.0,6
75,7,1,1,8,1,1,2,2,1,2,10.63014581273465,6
76,7,1,1,7,4,1,1,3,1,3,9.899494936611664,6
77,7,2,2,7,3,7,2,1,2,4,8.48528137423857,6
78,7,3,3,2,4,6,1,4,1,4,7.810249675906654,6
79,7,4,4,7,5,5,1,1,2,3,7.211102550927978,6
80,7,5,5,2,4,2,7,2,3,3,5.830951894845301,6
81,7,3,1,2,3,1,1,4,4,3,4.47213595499958,6
82,7,2,1,1,2,1,3,1,5,3,3.1622776601683795,6
83,7,1,3,3,1,1,1,1,6,2,2.0,6
84,7,2,1,2,1,1,1,2,1,2,1.0,6
85,8,1,2,10,1,1,2,1,3,7,16.492422502470642,6
86,8,3,8,1,2,1,3,2,2,0,15.297058540778355,6
87,8,2,2,3,1,2,2,2,2,0,14.317821063276352,6
88,8,1,7,6,4,3,2,2,1,1,13.341664064126334,6
89,8,1,6,1,2,3,3,1,2,1,12.649110640673518,6
90,8,9,5,8,6,1,4,1,3,0,12.083045973594572,6
91,8,8,1,2,5,2,1,2,7,0,11.180339887498947,6
92,8,7,1,1,3,3,3,4,4,0,10.295630140987,6
93,8,6,3,1,1,4,2,3,3,0,9.433981132056603,6
94,8,5,3,3,1,5,3,7,2,0,8.602325267042627,-1
95,8,4,2,5,7,6,4,7,1,0,7.810249675906654,-1
96,8,3,3,3,10,7,3,1,7,7,7.071067811865476,6
97,8,4,4,3,11,1,1,2,6,7,5.656854249492381,6
98,8,3,2,12,12,2,1,3,5,7,4.242640687119285,6
99,8,4,2,3,13,2,4,3,4,7,2.8284271247461903,6
100,8,3,3,4,14,4,3,3,3,7,1.4142135623730951,6
101,9,1,5,2,10,3,8,2,5,5,8.48528137423857,6
102,9,6,6,6,3,2,7,8,1,5,7.071067811865476,-1
103,9,2,7,3,1,6,6,7,7,5,5.656854249492381,-1
104,9,5,8,2,7,9,5,3,5,5,4.242640687119285,6
105,9,5,9,5,3,2,4,5,5,5,2.8284271247461903,6
106,9,5,10,12,1,2,3,1,4,5,1.4142135623730951,6
107,10,2,3,1,2,4,1,1,1,0,10.44030650891055,6
108,10,1,3,2,1,5,1,1,1,1,10.198039027185567,6
109,10,4,2,2,1,2,2,1,4,7,11.04536101718726,6
110,10,1,3,3,2,1,1,1,3,7,10.0,6
111,10,2,1,1,3,1,2,9,2,6,9.055385138137416,-1
112,10,2,2,2,1,3,2,8,2,6,8.06225774829855,-1
113,10,2,2,3,2,2,2,7,4,6,7.071067811865476,-1
114,10,2,2,4,3,2,1,6,1,6,6.082762530298219,-1
115,10,1,2,5,2,1,6,5,4,6,5.0990195135927845,6
116,10,2,1,6,1,6,2,4,2,6,4.123105625617661,6
117,10,4,4,7,2,17,7,3,4,6,3.1622776601683795,6
118,10,2,2,8,3,2,3,2,1,6,2.23606797749979,6
119,10,1,4,9,12,13,4,1,1,5,1.4142135623730951,6
120,11,2,1,5,1,3,5,1,2,5,8.602325267042627,6
121,11,1,2,2,7,3,4,1,1,4,7.211102550927978,6
122,11,2,3,4,1,2,4,4,1,5,6.708203932499369,6
123,11,2,4,2,1,1,3,3,3,5,5.385164807134504,6
124,11,4,5,1,1,1,2,2,2,5,4.123105625617661,6
125,11,5,6,1,2,1,1,1,1,3,3.0,6
126,11,1,1,1,1,7,2,1,2,5,4.123105625617661,6
127,11,1,2,2,7,5,1,1,1,4,3.605551275463989,6
128,11,2,2,7,5,4,1,1,1,4,4.242640687119285,6
129,11,3,2,5,2,3,1,1,1,4,5.0,6
130,11,4,3,7,2,2,2,1,1,5,5.830951894845301,6
131,11,1,4,3,1,2,1,6,4,7,6.324555320336759,-1
132,11,7,1,1,2,2,2,2,3,0,5.0990195135927845,6
133,11,6,1,1,1,3,4,9,1,0,4.123105625617661,-1
134,11,5,1,1,1,4,2,1,9,7,3.1622776601683795,6
135,11,6,2,2,2,1,3,2,8,0,2.0,6
136,11,5,2,2,2,2,4,5,2,0,1.0,6
137,12,1,2,2,3,1,2,2,1,2,8.246211251235321,6
138,12,2,3,1,6,3,1,3,1,3,7.280109889280518,6
139,12,1,2,3,5,10,2,2,2,2,6.082762530298219,6
140,12,4,4,2,1,2,2,3,1,2,5.0990195135927845,6
141,12,2,3,1,2,1,4,4,3,3,4.123105625617661,6
142,12,1,1,4,1,9,2,1,4,2,3.0,6
143,12,1,5,3,7,1,8,2,1,2,2.0,6
144,12,3,2,2,1,4,1,3,1,2,1.0,6
145,13,2,2,16,3,5,2,4,5,2,15.811388300841896,6
146,13,2,2,15,7,8,3,5,2,2,14.866068747318506,6
147,13,2,2,14,9,9,3,6,2,2,13.92838827718412,-1
148,13,2,1,13,1,3,8,7,2,2,13.0,-1
149,13,1,3,12,7,1,8,8,2,1,12.083045973594572,-1
150,13,1,2,3,4,3,9,1,1,1,10.770329614269007,6
151,13,1,1,10,5,3,10,1,1,2,9.486832980505138,6
152,13,1,1,9,1,6,3,2,1,2,8.54400374531753,6
153,13,1,1,8,6,1,5,3,1,2,7.615773105863909,6
154,13,1,1,7,5,5,1,4,1,2,6.708203932499369,6
155,13,1,1,6,4,14,14,5,1,2,5.830951894845301,6
156,13,1,1,5,5,4,8,6,1,2,5.0,-1
157,13,1,4,4,3,5,7,7,1,1,4.242640687119285,-1
158,13,6,3,1,2,8,8,1,1,1,2.8284271247461903,6
159,13,5,2,2,2,1,9,2,3,1,1.4142135623730951,6
160,14,12,4,5,2,2,2,8,4,0,13.152946437965904,-1
161,14,11,4,4,3,3,3,8,4,0,12.16552506059644,-1
162,14,10,6,5,4,4,4,3,4,0,11.180339887498947,6
163,14,9,6,5,5,5,4,6,3,0,10.198039027185567,-1
164,14,8,1,4,5,6,6,4,4,0,9.219544457292889,6
165,14,7,6,1,4,7,3,4,3,1,8.246211251235321,6
166,14,1,5,5,4,1,4,4,6,1,7.071067811865476,6
167,14,5,4,1,2,9,5,1,3,0,6.0,6
168,14,4,2,4,1,10,1,5,4,0,5.0,6
169,14,3,4,4,4,11,10,6,1,0,4.0,-1
170,14,2,2,2,4,12,6,1,2,0,3.0,6
171,14,1,4,4,4,13,1,5,1,1,2.0,6
172,14,7,3,1,3,5,2,1,7,7,1.4142135623730951,6
173,15,1,1,14,5,1,7,2,1,5,10.44030650891055,6
174,15,2,2,1,1,3,6,4,1,5,9.219544457292889,6
175,15,2,3,2,2,1,5,5,4,5,8.06225774829855,6
176,15,7,4,1,1,1,4,1,2,5,7.0,6
177,15,1,5,1,1,1,3,3,3,5,6.082762530298219,6
178,15,4,6,1,3,2,2,2,2,4,5.385164807134504,6
179,15,5,1,2,4,1,2,2,2,3,4.47213595499958,6
180,15,2,1,2,3,5,3,1,3,4,3.1622776601683795,6
181,15,3,4,2,2,4,3,3,1,4,2.23606797749979,6
182,15,4,2,4,3,3,3,3,3,3,1.4142135623730951,6
183,16,8,1,1,7,2,3,6,1,0,9.055385138137416,-1
184,16,7,2,1,1,3,6,1,3,0,8.06225774829855,6
185,16,6,4,3,1,4,1,2,3,0,7.071067811865476,6
186,16,5,4,2,7,5,2,5,1,0,6.082762530298219,6
187,16,4,2,4,3,6,2,1,5,0,5.0990195135927845,6
188,16,3,3,4,2,7,1,2,5,0,4.123105625617661,6
189,16,2,4,2,3,8,6,6,3,1,3.1622776601683795,-1
190,16,1,3,3,1,6,7,7,1,1,2.0,-1
191,16,1,2,1,2,2,8,1,2,7,1.4142135623730951,6
192,17,1,1,8,6,1,1,9,1,3,11.704699910719626,-1
193,17,2,2,1,5,1,8,1,2,3,10.44030650891055,6
194,17,1,4,7,4,10,3,1,3,4,9.219544457292889,6
195,17,2,2,3,4,9,1,6,1,4,8.246211251235321,-1
196,17,3,6,4,1,8,9,1,3,4,7.280109889280518,6
197,17,4,8,1,2,7,6,3,1,3,6.324555320336759,6
198,17,1,7,3,1,3,4,4,2,4,5.0990195135927845,6
199,17,2,3,1,3,2,9,10,8,4,4.123105625617661,-1
200,17,3,1,3,3,1,6,6,9,3,3.1622776601683795,-1
201,17,2,2,2,2,5,3,1,10,4,2.0,6
202,17,3,2,2,2,4,1,5,1,4,1.0,6
203,18,8,2,1,5,7,2,2,2,0,10.04987562112089,6
204,18,7,2,3,1,8,2,2,2,0,9.055385138137416,6
205,18,6,2,2,3,9,2,2,2,0,8.06225774829855,6
206,18,5,3,2,9,10,2,2,2,0,7.071067811865476,6
207,18,4,2,2,2,11,2,2,2,0,6.082762530298219,6
208,18,3,1,4,2,12,2,2,2,0,5.0990195135927845,6
209,18,2,2,1,2,13,2,2,1,0,4.123105625617661,6
210,18,1,6,5,1,14,2,1,2,7,3.1622776601683795,6
211,18,5,2,1,2,1,1,1,1,0,2.0,6
212,18,4,3,2,1,2,1,1,1,0,1.0,6
213,19,3,3,3,3,2,1,2,3,7,15.033296378372908,6
214,19,6,3,4,4,2,1,7,2,6,14.142135623730953,-1
215,19,14,2,5,3,1,1,6,8,7,13.152946437965904,-1
216,19,1,6,6,4,2,3,12,7,6,12.36931687685298,-1
217,19,2,1,7,2,3,2,11,2,6,11.40175425099138,-1
218,19,6,2,8,2,3,2,10,1,6,10.44030650891055,-1
219,19,1,2,9,3,2,3,9,6,6,9.486832980505138,-1
220,19,2,1,10,3,2,1,8,2,6,8.54400374531753,-1
221,19,13,2,11,2,1,3,7,4,6,7.615773105863909,-1
222,19,2,2,12,1,2,1,6,1,6,6.708203932499369,-1
223,19,1,6,13,3,1,1,5,2,6,5.830951894845301,6
224,19,4,1,14,1,1,1,4,3,6,5.0,6
225,19,2,7,15,1,1,1,3,5,6,4.242640687119285,6
226,19,4,3,16,1,1,2,2,1,5,3.605551275463989,6
227,19,2,4,1,2,2,1,2,1,4,2.23606797749979,6
228,19,3,1,2,1,1,3,1,2,5,1.4142135623730951,6
229,20,1,10,1,2,3,1,1,1,1,9.219544457292889,6
230,20,2,9,4,1,1,2,1,1,0,8.54400374531753,6
231,20,1,4,2,3,2,1,1,1,1,7.615773105863909,6
232,20,1,3,4,1,3,2,1,6,7,7.211102550927978,6
233,20,9,4,1,2,1,1,1,5,7,5.830951894845301,6
234,20,1,7,3,3,1,1,4,4,7,4.47213595499958,6
235,20,7,7,1,4,2,3,2,3,7,3.1622776601683795,6
236,20,6,4,10,5,4,1,2,2,0,2.0,6
237,20,5,5,7,2,5,2,2,2,0,1.0,6
238,21,2,1,1,1,1,1,5,4,6,17.804493814764857,6
239,21,2,2,2,1,1,1,4,1,6,17.029386365926403,6
240,21,1,2,3,1,1,1,3,2,6,16.278820596099706,6
241,21,2,1,4,1,1,1,2,1,6,15.556349186104043,6
242,21,1,3,5,1,1,1,1,2,7,14.866068747318506,6
243,21,9,1,1,2,1,2,10,1,0,13.45362404707371,-1
244,21,8,1,1,1,2,2,1,1,0,12.727922061357855,6
245,21,7,1,1,1,3,1,1,3,0,12.041594578792296,6
246,21,6,1,1,1,4,1,3,2,0,11.40175425099138,6
247,21,5,1,1,1,5,6,3,1,0,10.816653826391969,6
248,21,4,1,1,1,6,4,1,2,7,10.295630140987,6
249,21,5,2,2,2,1,1,1,1,0,8.94427190999916,6
250,21,4,7,7,2,2,1,1,6,7,8.54400374531753,6
251,21,2,8,3,3,1,1,1,5,7,7.280109889280518,6
252,21,4,1,3,4,1,4,12,4,6,6.082762530298219,-1
253,21,4,2,4,1,4,3,11,4,6,5.0990195135927845,-1
254,21,4,4,5,2,4,3,10,2,6,4.123105625617661,-1
255,21,4,5,6,4,4,1,9,4,6,3.1622776601683795,-1
256,21,2,4,7,4,1,2,8,1,6,2.23606797749979,-1
257,21,1,4,8,1,2,5,7,3,7,1.4142135623730951,-1
258,22,4,3,2,1,3,1,1,1,4,13.601470508735444,6
259,22,1,4,1,2,2,2,1,1,5,13.341664064126334,6
260,22,1,5,4,1,4,1,3,2,6,12.16552506059644,6
261,22,3,1,5,6,1,1,2,2,6,11.180339887498947,6
262,22,2,2,6,1,1,5,1,1,5,10.198039027185567,6
263,22,1,3,1,2,7,4,1,5,7,9.055385138137416,6
264,22,8,1,1,3,1,6,4,4,6,8.246211251235321,6
265,22,2,2,2,1,2,1,3,2,6,7.280109889280518,6
266,22,10,3,3,7,1,1,2,8,6,6.324555320336759,6
267,22,2,2,4,1,1,5,1,3,5,5.385164807134504,6
268,22,1,3,1,3,1,4,8,8,6,4.123105625617661,-1
269,22,6,1,2,1,6,7,7,1,6,3.1622776601683795,-1
270,22,1,3,3,7,5,1,6,1,6,2.23606797749979,-1
271,22,1,1,4,4,1,5,5,1,5,1.4142135623730951,6
272,23,4,2,1,11,2,2,2,2,0,12.041594578792296,6
273,23,3,2,2,1,3,2,2,2,0,11.40175425099138,6
274,23,2,1,2,2,4,2,2,1,0,10.816653826391969,6
275,23,1,2,1,2,5,2,1,2,1,10.295630140987,6
276,23,6,1,1,1,1,3,1,3,0,8.94427190999916,6
277,23,5,1,1,1,2,1,3,3,0,8.54400374531753,6
278,23,4,2,1,1,3,3,3,1,1,8.246211251235321,6
279,23,1,1,7,2,1,4,2,3,2,7.071067811865476,6
280,23,1,3,6,5,2,1,3,1,2,6.082762530298219,6
281,23,3,2,5,4,2,2,4,1,2,5.0990195135927845,6
282,23,3,2,4,14,7,2,5,3,2,4.123105625617661,6
283,23,2,2,3,1,7,2,6,3,2,3.1622776601683795,-1
284,23,2,1,2,2,1,5,7,3,2,2.23606797749979,-1
285,23,1,3,1,9,2,1,8,2,1,1.4142135623730951,-1
286,24,3,2,1,3,6,4,6,3,4,10.770329614269007,-1
287,24,4,1,7,7,5,3,3,4,4,9.848857801796104,6
288,24,5,4,3,1,4,2,3,3,4,8.94427190999916,6
289,24,6,3,1,7,3,3,9,6,3,8.06225774829855,-1
290,24,1,2,6,6,3,4,3,7,3,6.708203932499369,6
291,24,7,5,5,5,1,3,8,8,3,5.385164807134504,-1
292,24,3,3,1,4,12,7,1,9,4,4.123105625617661,6
293,24,4,1,4,4,11,2,2,1,4,3.1622776601683795,6
294,24,5,4,3,3,10,1,4,6,4,2.23606797749979,6
295,24,6,4,4,4,9,8,1,2,3,1.4142135623730951,6
296,25,2,4,3,5,1,3,1,1,3,10.44030650891055,6
297,25,3,2,5,4,9,6,1,2,4,9.219544457292889,6
298,25,4,2,4,3,8,1,4,1,4,8.246211251235321,6
299,25,5,5,5,2,7,4,1,13,4,7.280109889280518,6
300,25,6,5,5,2,6,3,7,1,4,6.324555320336759,-1
301,25,7,5,2,5,5,1,7,15,4,5.385164807134504,-1
302,25,8,4,2,1,4,4,1,4,4,4.47213595499958,6
303,25,9,2,1,3,3,3,3,1,3,3.605551275463989,6
304,25,1,3,4,2,3,2,4,2,4,2.23606797749979,6
305,25,2,3,4,2,2,1,8,7,3,1.4142135623730951,-1
306,26,7,2,2,2,1,5,5,5,7,11.704699910719626,6
307,26,1,3,3,3,5,4,1,4,7,10.44030650891055,6
308,26,3,4,1,4,1,1,3,3,6,9.219544457292889,6
309,26,5,5,2,1,1,1,2,2,6,8.246211251235321,6
310,26,5,5,3,1,1,1,1,5,7,7.280109889280518,6
311,26,1,4,7,2,1,8,4,4,6,6.082762530298219,6
312,26,2,1,8,1,11,1,3,1,6,5.0990195135927845,6
313,26,1,2,9,2,1,1,2,2,7,4.123105625617661,6
314,26,3,3,1,3,2,1,2,1,6,3.0,6
315,26,1,3,2,2,1,1,1,3,7,2.0,6
316,26,2,1,1,3,1,2,1,2,5,1.4142135623730951,6
317,27,2,2,4,4,2,2,16,2,6,16.278820596099706,-1
318,27,2,2,1,4,2,1,15,2,6,15.556349186104043,-1
319,27,2,2,2,2,1,1,14,1,6,14.866068747318506,-1
320,27,1,2,3,1,1,1,13,2,6,14.212670403551895,-1
321,27,2,1,4,1,1,2,12,2,5,13.601470508735444,-1
322,27,3,2,1,2,3,1,10,3,4,12.206555615733702,-1
323,27,4,1,3,6,2,1,1,3,4,11.40175425099138,6
324,27,5,2,2,3,1,4,1,1,5,10.63014581273465,6
325,27,1,3,1,2,1,3,6,1,6,9.219544457292889,-1
326,27,1,1,2,1,6,1,5,5,6,8.602325267042627,6
327,27,2,1,3,5,1,1,4,5,6,8.06225774829855,6
328,27,5,2,4,1,1,5,3,5,5,7.615773105863909,6
329,27,6,3,1,1,5,4,2,6,4,6.324555320336759,6
330,27,7,1,1,1,4,3,7,2,4,5.385164807134504,-1
331,27,8,1,1,1,3,2,5,2,5,4.47213595499958,6
332,27,9,2,2,2,6,1,4,6,4,3.1622776601683795,6
333,27,10,2,2,1,5,6,1,6,5,2.23606797749979,6
334,27,1,3,2,3,4,5,1,1,4,1.0,6
335,28,5,1,7,3,3,2,1,3,2,12.083045973594572,6
336,28,1,8,6,3,3,3,2,5,1,11.180339887498947,6
337,28,4,7,4,4,4,4,1,3,1,9.848857801796104,6
338,28,9,6,8,5,3,5,6,3,1,8.54400374531753,-1
339,28,1,5,4,2,5,6,3,2,1,7.280109889280518,6
340,28,4,4,8,3,7,7,1,4,2,6.082762530298219,6
341,28,7,1,7,5,3,7,2,2,2,5.0990195135927845,6
342,28,1,1,6,1,4,7,3,5,2,4.123105625617661,6
343,28,1,1,5,5,1,5,4,1,2,3.1622776601683795,6
344,28,1,1,4,2,7,1,5,1,2,2.23606797749979,6
345,28,1,3,3,4,5,6,6,1,1,1.4142135623730951,-1
346,29,9,4,5,5,2,5,16,4,7,13.92838827718412,-1
347,29,8,5,6,6,5,5,1,3,7,12.649110640673518,6
348,29,2,3,5,7,1,1,8,2,7,11.40175425099138,-1
349,29,4,1,8,8,2,2,3,1,6,10.198039027185567,6
350,29,1,2,9,2,2,2,2,6,7,9.219544457292889,6
351,29,2,5,1,3,3,1,3,5,7,8.06225774829855,6
352,29,8,1,4,4,2,2,10,4,6,7.0,-1
353,29,6,2,5,4,2,1,9,4,6,6.0,-1
354,29,5,8,6,2,1,1,8,7,6,5.0,-1
355,29,5,8,7,1,1,2,7,7,6,4.0,-1
356,29,4,7,8,1,2,1,6,2,6,3.0,-1
357,29,4,7,9,2,1,2,5,5,6,2.0,6
358,29,2,8,10,1,2,2,4,4,6,1.0,6
359,30,7,1,4,2,2,2,2,2,0,18.027756377319943,6
360,30,6,4,1,3,3,2,2,1,0,17.029386365926403,6
361,30,5,2,3,1,4,2,1,1,0,16.0312195418814,6
362,30,4,2,9,2,5,1,1,2,0,15.033296378372908,6
363,30,3,2,2,4,6,1,2,2,0,14.0356688476182,6
364,30,2,5,2,3,7,2,2,2,1,13.038404810405298,6
365,30,1,4,1,1,5,3,3,1,1,12.16552506059644,6
366,30,3,3,6,1,1,4,1,2,1,11.40175425099138,6
367,30,1,2,1,2,2,5,3,2,1,10.770329614269007,6
368,30,5,1,1,3,1,6,1,1,0,10.295630140987,6
369,30,4,2,1,1,2,1,1,4,7,9.433981132056603,6
370,30,3,4,6,2,1,1,3,3,7,8.06225774829855,6
371,30,7,2,4,3,2,2,2,2,7,6.708203932499369,6
372,30,4,6,7,4,3,1,1,1,0,5.385164807134504,6
373,30,3,5,2,4,4,1,1,1,0,4.47213595499958,6
374,30,2,2,6,9,5,1,1,3,7,3.605551275463989,6
375,30,2,1,10,10,1,1,2,2,7,2.23606797749979,6
376,30,2,1,2,11,2,1,1,1,0,1.0,6
377,31,1,1,1,1,2,2,3,2,6,8.94427190999916,6
378,31,3,1,2,2,5,1,2,5,6,8.06225774829855,6
379,31,2,3,3,2,1,4,1,5,5,7.211102550927978,6
380,31,1,4,1,1,4,3,7,5,6,5.830951894845301,-1
381,31,7,1,2,2,2,4,6,8,5,5.0,-1
382,31,8,2,3,1,2,3,2,8,5,3.605551275463989,6
383,31,3,3,2,1,1,2,7,1,6,2.23606797749979,-1
384,31,1,5,3,1,2,2,6,6,5,1.4142135623730951,-1
385,32,12,6,4,1,1,1,6,6,0,14.317821063276352,-1
386,32,11,2,3,2,2,2,6,2,0,13.341664064126334,-1
387,32,10,2,5,3,3,3,6,1,0,12.36931687685298,-1
388,32,9,11,2,4,4,4,1,6,7,11.40175425099138,6
389,32,11,4,3,5,1,1,5,5,0,10.198039027185567,6
390,32,10,3,5,4,2,5,3,5,0,9.219544457292889,6
391,32,9,8,5,3,3,5,5,5,0,8.246211251235321,6
392,32,8,7,4,3,4,5,5,1,0,7.280109889280518,6
393,32,7,12,3,5,5,3,1,5,7,6.324555320336759,6
394,32,6,7,5,6,1,4,4,4,0,5.0990195135927845,6
395,32,5,2,13,11,2,4,4,2,0,4.123105625617661,6
396,32,4,6,13,6,3,4,3,1,0,3.1622776601683795,6
397,32,3,3,2,4,4,4,1,3,7,2.23606797749979,6
398,32,7,2,10,5,1,1,1,2,0,1.0,6
399,33,4,4,9,1,1,2,2,9,0,16.15549442140351,6
400,33,3,9,9,6,2,3,3,2,0,15.231546211727816,6
401,33,2,4,9,5,3,2,3,4,1,14.317821063276352,6
402,33,1,3,8,5,4,3,3,1,1,13.0,6
403,33,5,2,2,7,9,4,1,5,0,11.704699910719626,6
404,33,4,6,7,7,10,1,4,2,1,10.770329614269007,6
405,33,3,5,1,2,11,2,7,3,0,9.486832980505138,-1
406,33,2,6,6,1,12,3,2,2,1,8.54400374531753,6
407,33,1,5,2,2,2,4,7,1,1,7.280109889280518,-1
408,33,3,4,4,1,5,5,1,6,7,6.082762530298219,6
409,33,6,5,5,2,1,1,12,5,0,5.385164807134504,-1
410,33,5,1,4,5,2,2,10,5,0,4.47213595499958,-1
411,33,4,4,1,5,3,3,3,3,0,3.605551275463989,6
412,33,3,3,2,1,4,4,13,3,1,2.8284271247461903,-1
413,33,2,2,4,1,2,5,7,2,1,1.4142135623730951,-1
414,34,5,2,11,1,6,3,4,3,4,12.206555615733702,6
415,34,6,2,1,1,5,2,3,4,4,11.40175425099138,6
416,34,7,1,1,9,4,4,4,3,3,10.63014581273465,6
417,34,1,5,3,8,2,2,3,4,3,9.219544457292889,6
418,34,3,5,1,7,2,1,6,5,3,7.810249675906654,-1
419,34,1,1,2,6,1,1,2,6,3,6.4031242374328485,6
420,34,2,1,4,5,3,2,1,7,4,5.0,6
421,34,3,7,6,4,2,4,7,1,3,4.242640687119285,-1
422,34,3,10,5,3,1,1,3,2,3,2.8284271247461903,6
423,34,6,8,3,2,2,2,1,3,3,1.4142135623730951,6
424,35,1,1,1,5,1,2,8,1,6,11.704699910719626,-1
425,35,1,1,2,1,3,5,7,1,6,10.770329614269007,-1
426,35,1,1,3,8,2,3,6,11,7,9.848857801796104,-1
427,35,1,1,1,9,9,7,10,10,7,8.54400374531753,-1
428,35,2,2,1,10,9,6,9,9,6,7.280109889280518,-1
429,35,3,4,2,9,5,6,8,8,6,6.324555320336759,-1
430,35,5,2,3,4,7,2,7,7,6,5.385164807134504,-1
431,35,6,3,4,5,4,4,6,6,6,4.47213595499958,-1
432,35,5,3,5,9,2,3,5,2,6,3.605551275463989,6
433,35,11,4,6,10,6,2,4,1,6,2.8284271247461903,6
434,35,1,10,7,2,6,3,3,3,7,2.23606797749979,6
435,35,2,1,1,3,3,2,2,2,0,1.0,6
436,36,2,4,5,1,4,4,4,2,7,17.0,6
437,36,8,1,4,1,5,5,2,1,0,15.652475842498529,6
438,36,7,1,1,4,6,6,1,4,0,14.7648230602334,6
439,36,6,1,1,1,7,1,3,7,0,13.892443989449804,6
440,36,5,2,1,1,8,2,6,2,0,13.038404810405298,-1
441,36,4,2,2,1,9,5,9,1,0,12.206555615733702,-1
442,36,3,2,2,3,10,3,1,1,0,11.40175425099138,6
443,36,2,2,2,2,11,1,1,3,7,10.63014581273465,6
444,36,2,1,3,3,1,12,1,2,0,9.219544457292889,6
445,36,1,3,1,3,2,1,10,1,1,8.48528137423857,-1
446,36,2,2,2,1,1,2,1,1,0,8.602325267042627,6
447,36,1,1,2,2,2,1,1,3,7,8.06225774829855,6
448,36,5,1,1,3,1,2,6,2,6,6.708203932499369,-1
449,36,5,5,2,1,2,2,5,2,6,5.830951894845301,6
450,36,2,5,3,2,2,2,4,1,6,5.0,6
451,36,1,5,4,2,2,2,3,5,7,4.242640687119285,6
452,36,4,1,1,3,3,3,1,4,7,2.8284271247461903,6
453,36,3,2,2,4,1,3,1,3,7,1.4142135623730951,6
454,37,9,9,4,1,1,1,2,12,7,9.848857801796104,6
455,37,1,10,3,2,2,1,6,11,6,8.54400374531753,-1
456,37,9,1,4,2,1,2,5,10,7,7.615773105863909,6
457,37,3,4,2,3,3,3,1,9,7,6.324555320336759,6
458,37,2,5,8,4,1,4,1,8,7,5.0990195135927845,6
459,37,3,1,10,5,1,5,7,7,6,4.0,-1
460,37,6,2,11,1,5,5,6,5,6,3.0,-1
461,37,6,4,12,5,3,1,5,5,6,2.0,6
462,37,6,3,13,5,1,1,4,2,6,1.0,6
463,38,1,2,5,4,1,6,1,2,5,11.180339887498947,6
464,38,1,3,1,1,9,5,1,1,4,10.04987562112089,6
465,38,2,1,1,4,8,6,10,1,4,9.055385138137416,-1
466,38,3,1,2,5,7,3,3,5,4,8.06225774829855,6
467,38,4,3,5,2,6,1,10,6,4,7.071067811865476,-1
468,38,5,2,5,8,5,4,1,7,4,6.082762530298219,6
469,38,6,6,2,8,4,1,2,1,4,5.0990195135927845,6
470,38,7,7,5,7,3,1,1,4,4,4.123105625617661,6
471,38,8,2,5,7,2,5,1,1,5,3.1622776601683795,6
472,38,1,3,6,1,7,4,3,6,4,2.0,6
473,38,2,6,1,9,6,1,4,3,4,1.0,6
474,39,3,5,11,1,1,1,7,5,2,11.6619037896906,-1
475,39,4,2,10,1,1,1,8,6,2,11.180339887498947,-1
476,39,3,1,9,1,1,1,9,3,2,10.770329614269007,-1
477,39,1,7,8,1,1,1,10,3,2,10.44030650891055,-1
478,39,8,7,7,1,1,1,11,1,2,10.198039027185567,-1
479,39,4,1,6,1,1,1,12,2,2,10.04987562112089,-1
480,39,1,5,5,1,1,1,13,6,2,10.0,-1
481,39,7,1,4,3,1,1,14,1,3,10.04987562112089,-1
482,39,2,3,1,2,6,4,1,2,5,9.219544457292889,6
483,39,1,4,4,4,1,3,4,1,5,8.06225774829855,6
484,39,2,5,1,5,9,2,5,2,4,7.0,6
485,39,3,1,4,5,8,5,7,3,4,6.0,-1
486,39,4,4,5,1,7,1,2,3,4,5.0,6
487,39,5,5,1,5,6,7,1,5,4,4.0,6
488,39,6,1,2,5,5,2,4,1,4,3.0,6
489,39,7,4,3,1,4,2,5,5,4,2.0,6
490,39,8,2,1,2,3,4,2,4,4,1.0,6
491,40,4,1,1,1,1,5,5,2,0,15.231546211727816,6
492,40,3,1,1,1,1,3,5,3,0,15.652475842498529,6
493,40,2,1,1,1,2,4,2,2,0,16.1245154965971,6
494,40,1,3,1,1,3,4,5,3,1,16.64331697709324,6
495,40,2,2,1,5,1,5,1,2,3,16.401219466856727,6
496,40,1,2,3,4,1,1,1,3,3,15.0,6
497,40,4,3,8,3,1,2,1,4,2,13.601470508735444,6
498,40,3,1,7,2,2,1,2,2,2,12.806248474865695,6
499,40,1,3,6,1,10,4,3,4,2,12.041594578792296,6
500,40,3,1,5,9,1,2,4,1,3,11.31370849898476,6
501,40,2,5,1,8,8,1,1,2,3,9.899494936611664,6
502,40,1,6,3,7,8,2,2,3,3,8.48528137423857,6
503,40,6,4,1,6,11,3,3,4,3,7.071067811865476,6
504,40,1,1,1,5,11,4,4,5,3,5.656854249492381,6
505,40,1,3,3,4,1,4,5,6,3,4.242640687119285,6
506,40,10,2,3,3,11,4,1,7,3,2.8284271247461903,6
507,40,8,2,1,2,4,8,7,8,3,1.4142135623730951,-1
508,41,2,1,1,1,4,1,1,1,4,13.152946437965904,6
509,41,3,1,1,1,3,1,1,1,4,13.341664064126334,6
510,41,4,1,1,1,2,1,1,1,4,13.601470508735444,6
511,41,5,1,1,1,1,2,1,1,5,13.92838827718412,6
512,41,1,2,1,1,1,1,2,15,7,13.41640786499874,6
513,41,9,1,1,2,2,1,3,14,7,12.083045973594572,6
514,41,4,2,2,3,2,3,1,13,7,10.770329614269007,6
515,41,2,3,3,4,1,1,4,12,7,9.486832980505138,6
516,41,4,1,4,5,2,2,2,11,7,8.246211251235321,6
517,41,9,2,2,6,3,1,1,10,7,7.071067811865476,6
518,41,1,2,4,7,1,4,7,9,6,6.0,-1
519,41,2,1,5,1,3,6,6,2,6,5.0,-1
520,41,3,2,6,2,4,7,5,11,6,4.0,6
521,41,2,2,7,4,7,7,4,8,6,3.0,6
522,41,3,6,8,3,4,3,3,1,6,2.0,6
523,41,1,2,9,4,6,5,2,3,6,1.0,6
524,42,1,3,1,1,11,4,2,3,5,13.152946437965904,6
525,42,4,1,2,7,2,3,4,1,4,12.041594578792296,6
526,42,5,2,2,14,1,3,4,5,5,11.04536101718726,6
527,42,3,3,1,4,1,2,2,6,5,10.0,6
528,42,7,4,1,7,3,1,1,1,4,9.055385138137416,6
529,42,8,1,9,2,2,5,1,1,5,8.06225774829855,6
530,42,1,2,6,1,5,4,4,4,4,7.280109889280518,6
531,42,2,5,1,2,4,1,2,4,4,6.324555320336759,6
532,42,3,1,10,1,3,2,1,4,5,5.385164807134504,6
533,42,1,2,2,2,2,1,3,3,4,5.0,6
534,42,2,11,18,1,1,2,1,3,5,4.242640687119285,6
535,42,1,12,1,3,7,1,2,2,3,4.47213595499958,6
536,42,1,1,12,2,5,3,2,3,2,3.1622776601683795,6
537,42,1,1,11,2,6,4,3,1,2,2.23606797749979,6
538,42,1,1,10,2,2,4,4,1,3,1.4142135623730951,6
539,43,7,1,9,1,1,1,11,2,0,12.649110640673518,-1
540,43,6,5,1,2,2,2,4,5,0,11.704699910719626,6
541,43,5,3,6,1,3,3,2,2,0,10.770329614269007,6
542,43,4,4,4,4,4,4,11,1,1,9.848857801796104,-1
543,43,4,3,9,8,3,5,2,3,1,8.54400374531753,6
544,43,1,2,1,2,6,6,3,2,1,7.280109889280518,6
545,43,6,1,1,6,1,7,1,2,0,6.082762530298219,6
546,43,5,7,1,1,2,1,3,3,0,5.0990195135927845,6
547,43,4,5,7,1,3,4,2,1,0,4.123105625617661,6
548,43,3,1,7,3,4,4,1,1,0,3.1622776601683795,6
549,43,2,1,1,7,5,1,1,2,0,2.23606797749979,6
550,43,1,6,1,1,6,1,3,2,1,1.4142135623730951,6
551,44,2,1,5,2,12,6,4,1,4,16.401219466856727,6
552,44,3,3,5,1,11,7,5,3,4,15.620499351813308,6
553,44,4,3,1,4,10,2,3,4,4,14.866068747318506,6
554,44,5,1,4,3,9,6,7,5,4,14.142135623730953,-1
555,44,6,2,3,2,8,1,2,4,4,13.45362404707371,6
556,44,7,5,5,1,7,1,1,3,4,12.806248474865695,6
557,44,8,5,1,7,6,1,1,1,3,12.206555615733702,6
558,44,1,1,4,6,3,2,2,2,3,10.816653826391969,6
559,44,2,2,1,5,1,3,3,3,3,9.433981132056603,6
560,44,1,2,9,4,4,1,1,4,2,8.06225774829855,6
561,44,3,3,8,9,7,7,2,1,3,7.211102550927978,6
562,44,3,2,2,8,9,3,3,2,3,5.830951894845301,6
563,44,5,1,1,7,4,3,7,3,3,4.47213595499958,-1
564,44,1,1,3,6,1,4,7,4,3,3.1622776601683795,-1
565,44,2,3,6,5,1,2,1,5,2,2.0,6
566,44,7,1,5,1,6,1,2,2,2,1.0,6
567,45,1,4,1,8,1,2,2,2,3,8.602325267042627,6
568,45,1,1,1,7,1,1,1,1,3,7.211102550927978,6
569,45,1,3,8,6,1,1,1,2,3,5.830951894845301,6
570,45,3,3,2,5,5,5,1,3,4,4.47213595499958,6
571,45,4,4,4,1,4,4,3,1,4,3.605551275463989,6
572,45,5,2,1,3,3,3,5,2,3,2.8284271247461903,6
573,45,1,5,11,2,2,2,5,3,3,1.4142135623730951,6
574,46,1,1,1,1,1,5,14,1,5,12.206555615733702,-1
575,46,2,2,1,2,12,4,2,2,5,10.816653826391969,6
576,46,3,3,3,2,3,3,1,1,5,9.433981132056603,6
577,46,1,4,4,4,2,2,2,2,6,8.06225774829855,6
578,46,2,1,5,2,7,16,1,2,5,7.211102550927978,6
579,46,1,2,5,6,1,15,13,2,5,5.830951894845301,-1
580,46,4,3,1,4,1,14,1,4,5,4.47213595499958,6
581,46,1,4,1,7,6,13,1,7,5,3.1622776601683795,6
582,46,1,5,5,6,2,12,3,1,6,2.0,6
583,46,1,1,6,4,10,1,2,2,6,1.0,6
584,47,4,2,1,4,1,1,3,8,0,11.40175425099138,6
585,47,3,4,3,1,1,2,2,1,0,10.44030650891055,6
586,47,2,10,2,2,2,5,1,6,7,9.486832980505138,6
587,47,7,1,14,3,1,4,5,5,0,8.94427190999916,6
588,47,6,3,1,4,2,7,7,7,0,8.06225774829855,-1
589,47,5,2,5,1,3,7,5,6,0,7.211102550927978,6
590,47,4,2,6,2,4,7,7,6,0,6.4031242374328485,-1
591,47,3,5,2,7,5,6,7,3,1,5.656854249492381,-1
592,47,4,4,1,1,4,7,6,4,1,4.242640687119285,-1
593,47,3,3,12,1,1,8,8,3,1,2.8284271247461903,-1
594,47,2,2,9,4,2,9,3,2,1,1.4142135623730951,6
595,48,2,5,2,1,9,2,2,2,1,12.727922061357855,6
596,48,9,4,1,1,2,1,3,1,1,11.31370849898476,6
597,48,5,3,3,4,1,2,2,2,1,9.899494936611664,6
598,48,2,2,2,4,4,3,5,4,1,8.48528137423857,6
599,48,1,1,14,1,3,4,4,1,2,7.071067811865476,6
600,48,1,1,13,3,1,3,5,1,2,6.4031242374328485,6
601,48,1,1,12,8,6,1,6,1,2,5.830951894845301,-1
602,48,1,1,11,5,5,2,7,1,2,5.385164807134504,-1
603,48,1,1,10,7,3,5,8,1,2,5.0990195135927845,-1
604,48,1,1,9,4,4,5,9,1,2,5.0,-1
605,48,1,1,8,5,9,9,10,1,2,5.0990195135927845,-1
606,48,1,1,7,3,9,3,11,1,2,5.385164807134504,-1
607,48,1,3,6,3,5,5,12,1,1,5.830951894845301,-1
608,48,2,2,5,5,5,6,1,6,7,5.656854249492381,6
609,48,2,1,6,6,1,1,2,5,7,4.242640687119285,6
610,48,1,1,2,7,2,1,2,4,7,2.8284271247461903,6
611,48,3,3,1,8,2,1,2,3,7,1.4142135623730951,6
612,49,7,1,3,2,3,1,4,1,2,13.92838827718412,6
613,49,1,3,2,4,6,5,5,5,2,13.0,6
614,49,7,3,1,14,2,6,6,1,3,12.083045973594572,-1
615,49,1,4,1,13,4,1,4,2,3,11.6619037896906,6
616,49,1,3,9,12,4,4,2,3,2,11.40175425099138,6
617,49,2,2,8,9,2,3,3,1,2,10.63014581273465,6
618,49,8,1,7,3,4,3,4,9,2,9.899494936611664,6
619,49,1,1,6,1,7,2,5,2,2,9.219544457292889,6
620,49,1,4,5,7,1,3,6,1,1,8.602325267042627,-1
621,49,8,3,8,3,4,4,1,2,0,7.211102550927978,6
622,49,7,5,8,6,5,1,2,2,1,6.4031242374328485,6
623,49,1,4,2,3,15,2,3,3,1,5.0,6
624,49,3,3,1,1,12,3,1,4,0,3.605551275463989,6
625,49,2,4,6,1,13,1,4,4,1,2.8284271247461903,6
626,49,2,3,2,2,2,2,5,1,1,1.4142135623730951,6
